sample_name,total_curvature,curvature_ratio,final_strain,class
simple_shear_neohookean_dp0,-2.499243086561385,0.1923131287587414,3.45389,nh
simple_shear_neohookean_dp1,-2.3103202279464763,0.19166067289122538,3.62654,nh
simple_shear_neohookean_dp10,-1.254372203793385,0.18675078586432264,5.18027,nh
simple_shear_neohookean_dp11,-1.1830912541294993,0.1862572434658383,5.35289,nh
simple_shear_neohookean_dp12,-1.1166576693384445,0.18588061789635102,5.5255,nh
simple_shear_neohookean_dp13,-1.0553871339504515,0.1855902625182333,5.69811,nh
simple_shear_neohookean_dp14,-0.9996913100853169,0.18515830570524666,5.87072,nh
simple_shear_neohookean_dp15,-0.9474341870046492,0.18486167990874813,6.04332,nh
simple_shear_neohookean_dp16,-0.8990680966757377,0.184588020309332,6.21592,nh
simple_shear_neohookean_dp17,-0.8548772823954834,0.18420632777440507,6.38852,nh
simple_shear_neohookean_dp18,-0.8133178142619042,0.18392794759473202,6.56111,nh
simple_shear_neohookean_dp19,-0.7751041239237509,0.18356102550258577,6.7337,nh
simple_shear_neohookean_dp2,-2.140897711643427,0.19107651829865752,3.79919,nh
simple_shear_neohookean_dp20,-0.7389537893585436,0.1833007081029282,6.90628,nh
simple_shear_neohookean_dp21,-0.7056918511720497,0.18297357933498487,7.07887,nh
simple_shear_neohookean_dp22,-0.6737597385415787,0.18283727333809138,7.25144,nh
simple_shear_neohookean_dp23,-0.6447588715773738,0.18249691825926567,7.42402,nh
simple_shear_neohookean_dp24,-0.6174640671005015,0.18218051954776351,7.59659,nh
simple_shear_neohookean_dp25,-0.5915404795935926,0.18196048059180295,7.76916,nh
simple_shear_neohookean_dp26,-0.5672376901156179,0.18172355159841877,7.94172,nh
simple_shear_neohookean_dp27,-0.5446542513418445,0.18140232794584032,8.11428,nh
simple_shear_neohookean_dp28,-0.5230602179591675,0.18116085779251387,8.28684,nh
simple_shear_neohookean_dp29,-0.5027082432090373,0.18094481281806066,8.45939,nh
simple_shear_neohookean_dp3,-1.989899831416032,0.1903511464330785,3.97184,nh
simple_shear_neohookean_dp30,-0.4838111111751457,0.18063078277664052,8.63194,nh
simple_shear_neohookean_dp31,-0.4659036030686269,0.18035706798505105,8.80449,nh
simple_shear_neohookean_dp32,-0.4487589895287009,0.1801075612464688,8.97703,nh
simple_shear_neohookean_dp33,-0.43253273996170744,0.17984583541268628,9.14957,nh
simple_shear_neohookean_dp34,-0.41718673526462974,0.1795973979259971,9.3221,nh
simple_shear_neohookean_dp35,-0.4026401952512026,0.17932032025895173,9.49463,nh
simple_shear_neohookean_dp36,-0.388986153344142,0.17898795342499754,9.66716,nh
simple_shear_neohookean_dp37,-0.3759799083521961,0.17866855063393575,9.83969,nh
simple_shear_neohookean_dp38,-0.3633778779143321,0.17844531605134867,10.0122,nh
simple_shear_neohookean_dp39,-0.35168170097035634,0.1780976635221517,10.1847,nh
simple_shear_neohookean_dp4,-1.8517635937873207,0.1898260069416707,4.14448,nh
simple_shear_neohookean_dp40,-0.3394088435960107,0.1797819258934955,10.3572,nh
simple_shear_neohookean_dp41,-0.5894913186311902,0.029768078278954745,10.6695,nh
simple_shear_neohookean_dp42,-0.5424454034118528,0.02957411389109904,11.1406,nh
simple_shear_neohookean_dp43,-0.5006154261907675,0.03058608843156393,11.6116,nh
simple_shear_neohookean_dp44,-0.4626169920643796,0.03090844758723813,12.0825,nh
simple_shear_neohookean_dp45,-0.4294499484783295,0.031034810839671922,12.5536,nh
simple_shear_neohookean_dp46,-0.3998446940623041,0.030295638423320538,13.0242,nh
simple_shear_neohookean_dp47,-0.37251441676195163,0.032684247702592574,13.4952,nh
simple_shear_neohookean_dp48,-0.3484868092875777,0.03244880113244158,13.9662,nh
simple_shear_neohookean_dp49,-0.3266038011947964,0.0319954934245426,14.4372,nh
simple_shear_neohookean_dp5,-1.7264605104990522,0.18931987286445193,4.31712,nh
simple_shear_neohookean_dp50,-0.3067163022730602,0.030129030664925442,14.9082,nh
simple_shear_neohookean_dp51,-0.2882808545453695,0.031171743355159477,15.3791,nh
simple_shear_neohookean_dp52,-0.2720835279221717,0.029308968111781835,15.8501,nh
simple_shear_neohookean_dp53,-0.2565536721591972,0.02907557200679668,16.321,nh
simple_shear_neohookean_dp54,-0.24267696725428928,0.03043464916870332,16.7919,nh
simple_shear_neohookean_dp55,-0.22957487007205962,0.03036172597269841,17.2627,nh
simple_shear_neohookean_dp56,-0.21774518326252815,0.030191748586042257,17.7336,nh
simple_shear_neohookean_dp57,-0.20684116078988682,0.02912363385716982,18.2045,nh
simple_shear_neohookean_dp58,-0.19649225777361065,0.02907337369341631,18.6753,nh
simple_shear_neohookean_dp59,-0.1870978491031524,0.03258473786418621,19.1461,nh
simple_shear_neohookean_dp6,-1.6145455758002596,0.18868289524157197,4.48976,nh
simple_shear_neohookean_dp60,-0.1783895178153597,0.027567652404393787,19.6169,nh
simple_shear_neohookean_dp61,-0.170073257638049,0.029116114841303862,20.0876,nh
simple_shear_neohookean_dp62,-0.1625184053614525,0.029154823882574458,20.5584,nh
simple_shear_neohookean_dp63,-0.15527336577761533,0.029929949675367395,21.0291,nh
simple_shear_neohookean_dp64,-0.14864213819247676,0.03075540484018845,21.4998,nh
simple_shear_neohookean_dp65,-0.14245072415460358,0.028445017482618955,21.9705,nh
simple_shear_neohookean_dp66,-0.13661486674738102,0.026782397205078842,22.4412,nh
simple_shear_neohookean_dp67,-0.13101595676697222,0.02733297568654599,22.9118,nh
simple_shear_neohookean_dp68,-0.12575001106780545,0.02568942189059694,23.3824,nh
simple_shear_neohookean_dp69,-0.12102571898670568,0.026417462901334333,23.853,nh
simple_shear_neohookean_dp7,-1.5110659590188211,0.1882441868678614,4.66239,nh
simple_shear_neohookean_dp70,-0.11636811777244396,0.02361910982918303,24.3236,nh
simple_shear_neohookean_dp71,-0.11204563336882306,0.023939563542095903,24.7942,nh
simple_shear_neohookean_dp72,-0.10787344293470455,0.02341823289840943,25.2648,nh
simple_shear_neohookean_dp73,-0.10393008634066747,0.02239039566261885,25.7353,nh
simple_shear_neohookean_dp74,-0.10037264082225658,0.023611266069718546,26.2059,nh
simple_shear_neohookean_dp75,-0.09684438784301012,0.025123526979875077,26.6764,nh
simple_shear_neohookean_dp76,-0.09346985513515044,0.026249476459130255,27.1469,nh
simple_shear_neohookean_dp77,-0.0903616783637676,0.02397708563304091,27.6174,nh
simple_shear_neohookean_dp78,-0.0873298893841945,0.023908093731843043,28.0878,nh
simple_shear_neohookean_dp79,-0.08459033421277691,0.02346822330074528,28.5583,nh
simple_shear_neohookean_dp8,-1.4182333808175904,0.18766674799476898,4.83502,nh
simple_shear_neohookean_dp80,-0.08183997434510148,0.026179931894513467,29.0287,nh
simple_shear_neohookean_dp81,-0.07922093596553534,0.02363337559648072,29.499,nh
simple_shear_neohookean_dp82,-0.0767337130656788,0.0228775135891846,29.9693,nh
simple_shear_neohookean_dp83,-0.07440404723433579,0.023780795748734773,30.4396,nh
simple_shear_neohookean_dp84,-0.07216917401134308,0.02245002633092068,30.91,nh
simple_shear_neohookean_dp85,-0.0700603851612336,0.022135814274736803,31.3803,nh
simple_shear_neohookean_dp86,-0.06797099834821536,0.024056233600448815,31.8506,nh
simple_shear_neohookean_dp87,-0.06598920845747194,0.02273615746789738,32.3208,nh
simple_shear_neohookean_dp88,-0.06412622721468907,0.023060999301109067,32.7912,nh
simple_shear_neohookean_dp89,-0.0624556740245024,0.021104227031679305,33.2613,nh
simple_shear_neohookean_dp9,-1.3333316615208792,0.1871007769889939,5.00765,nh
simple_shear_neohookean_dp90,-0.06074547916965448,0.01923739269658895,33.7316,nh
simple_shear_neohookean_dp91,-0.05896548998504563,0.019428590587681257,34.2013,nh
simple_shear_neohookean_dp92,-0.05739603434066434,0.018577665450768503,34.6715,nh
simple_shear_neohookean_dp93,-0.055856898680455666,0.0185741629039001,35.1416,nh
simple_shear_neohookean_dp94,-0.05440420578598158,0.01873415324413353,35.6118,nh
simple_shear_neohookean_dp95,-0.05298333359148898,0.018370022594837974,36.0819,nh
simple_shear_neohookean_dp96,-0.05164130793376967,0.018878626124552177,36.552,nh
simple_shear_neohookean_dp97,-0.050353679899809184,0.018029858117020126,37.0221,nh
simple_shear_neohookean_dp98,-0.04907704903605533,0.021323843156615577,37.4922,nh
simple_shear_neohookean_dp99,-0.047879124280982725,0.017603945592496104,37.9623,nh
simple_shear_mooneyrivlin2_dp0,-0.03514454892342048,0.3749138243992686,25.9095,mr
simple_shear_mooneyrivlin2_dp1,-0.021529285347931977,0.5072843677896685,28.9417,mr
simple_shear_mooneyrivlin2_dp10,-0.08463692562448161,0.42970304673716087,15.9391,mr
simple_shear_mooneyrivlin2_dp11,-0.027085192127382456,0.590987052895142,23.3955,mr
simple_shear_mooneyrivlin2_dp12,-0.05063457263065743,0.2205524753259988,24.709,mr
simple_shear_mooneyrivlin2_dp13,-0.01613673760541565,0.39971187571239625,37.1465,mr
simple_shear_mooneyrivlin2_dp14,-0.019966580074197167,0.6139772594128028,26.3835,mr
simple_shear_mooneyrivlin2_dp15,-0.08324663228933088,0.41828191072733184,16.2511,mr
simple_shear_mooneyrivlin2_dp16,-0.04128508854361811,0.5628282597869579,19.6767,mr
simple_shear_mooneyrivlin2_dp17,-0.07343359814876046,0.3691535860928011,18.1028,mr
simple_shear_mooneyrivlin2_dp18,-0.0369810909055327,0.2895982166051239,27.1713,mr
simple_shear_mooneyrivlin2_dp19,-0.032423811247451854,0.31273124789604234,28.4416,mr
simple_shear_mooneyrivlin2_dp2,-0.03757107924001545,0.2553764422620528,27.7219,mr
simple_shear_mooneyrivlin2_dp20,-0.03279655062042635,0.5297112852130762,22.9318,mr
simple_shear_mooneyrivlin2_dp21,-0.025209353757814492,0.35198038944213,31.1273,mr
simple_shear_mooneyrivlin2_dp22,-0.04133098878878461,0.23586287665349975,26.8919,mr
simple_shear_mooneyrivlin2_dp23,-0.02637787523766434,0.3666619601240611,30.0569,mr
simple_shear_mooneyrivlin2_dp24,-0.032253071930647484,0.5255889964478793,23.2257,mr
simple_shear_mooneyrivlin2_dp25,-0.04709777368616769,0.3530867689166342,22.8632,mr
simple_shear_mooneyrivlin2_dp26,-0.032115253974558826,0.3541846484246592,27.5852,mr
simple_shear_mooneyrivlin2_dp27,-0.02081516250307722,0.34569378469598583,34.3904,mr
simple_shear_mooneyrivlin2_dp28,-0.01685263999757084,0.4596856679706589,34.3194,mr
simple_shear_mooneyrivlin2_dp29,-0.022834187539049478,0.6716887431566667,22.6759,mr
simple_shear_mooneyrivlin2_dp3,-0.029790237680341614,0.4321302242392705,26.649,mr
simple_shear_mooneyrivlin2_dp30,-0.019315500575945256,0.33894883443622137,35.8915,mr
simple_shear_mooneyrivlin2_dp31,-0.015251656083085468,0.7112086018679263,25.9083,mr
simple_shear_mooneyrivlin2_dp32,-0.04047740917351269,0.2274963848284077,27.3675,mr
simple_shear_mooneyrivlin2_dp33,-0.05098039307806432,0.2018271675749138,25.0766,mr
simple_shear_mooneyrivlin2_dp34,-0.022920795964190516,0.6227960998891062,24.3487,mr
simple_shear_mooneyrivlin2_dp35,-0.026038431103376346,0.5870092177047068,23.9833,mr
simple_shear_mooneyrivlin2_dp36,-0.07547725068891555,0.3622816508341347,17.9636,mr
simple_shear_mooneyrivlin2_dp37,-0.028059868071074964,0.3334897547925913,30.0023,mr
simple_shear_mooneyrivlin2_dp38,-0.022674066832352405,0.3710754709375851,32.2501,mr
simple_shear_mooneyrivlin2_dp39,-0.01734804401916436,0.47675355009501963,33.2443,mr
simple_shear_mooneyrivlin2_dp4,-0.03721006125845388,0.2259476028130559,28.5741,mr
simple_shear_mooneyrivlin2_dp40,-0.022394764075971924,0.44519189609952114,30.2715,mr
simple_shear_mooneyrivlin2_dp41,-0.018330051812381187,0.01672179541480218,60.16,mr
simple_shear_mooneyrivlin2_dp42,-0.023630807325725235,0.15382047900313647,47.6146,mr
simple_shear_mooneyrivlin2_dp43,-0.004478305207861249,0.158099594064186,107.336,mr
simple_shear_mooneyrivlin2_dp44,-0.00998125764791664,0.017008901182985398,81.2666,mr
simple_shear_mooneyrivlin2_dp45,-0.031279375521501535,0.03687481777683113,45.5765,mr
simple_shear_mooneyrivlin2_dp46,-0.01068208005815012,0.3349655666969305,60.6983,mr
simple_shear_mooneyrivlin2_dp47,-0.045932752586884916,0.3785417528888184,28.7146,mr
simple_shear_mooneyrivlin2_dp48,-0.0060836418863421575,0.14576496561864985,93.224,mr
simple_shear_mooneyrivlin2_dp49,-0.008443506885848032,0.3720899694059683,65.9082,mr
simple_shear_mooneyrivlin2_dp5,-0.023539723553117238,0.3884702620909692,31.1613,mr
simple_shear_mooneyrivlin2_dp50,-0.013516637553183723,0.012544691838087882,70.5168,mr
simple_shear_mooneyrivlin2_dp51,-0.004077178077290293,0.14832745870144226,113.47,mr
simple_shear_mooneyrivlin2_dp52,-0.025424605451741415,0.09918073229512815,47.9361,mr
simple_shear_mooneyrivlin2_dp53,-0.0059545744423820995,0.04731509766128944,101.547,mr
simple_shear_mooneyrivlin2_dp54,-0.06987627224620489,0.19528964788873474,27.29,mr
simple_shear_mooneyrivlin2_dp55,-0.004497650854827133,0.11682062544488439,110.54,mr
simple_shear_mooneyrivlin2_dp56,-0.003888852082947838,0.15726703505540499,115.36,mr
simple_shear_mooneyrivlin2_dp57,-0.0032764032178130877,0.3078986964353997,111.158,mr
simple_shear_mooneyrivlin2_dp58,-0.008113818581248527,0.24738940265735063,74.7635,mr
simple_shear_mooneyrivlin2_dp59,-0.004490134501624654,0.12362598856859133,110.13,mr
simple_shear_mooneyrivlin2_dp6,-0.03940276318425156,0.30835870277399824,25.933,mr
simple_shear_mooneyrivlin2_dp60,-0.004596262817683763,0.10978757198307412,109.978,mr
simple_shear_mooneyrivlin2_dp61,-0.015179139376393789,0.01983102171925261,65.9844,mr
simple_shear_mooneyrivlin2_dp62,-0.02070999526265532,0.22114226909158036,48.4553,mr
simple_shear_mooneyrivlin2_dp63,-0.03468887477147775,0.32320569992970843,34.6364,mr
simple_shear_mooneyrivlin2_dp64,-0.027150225042183052,0.3287819756921964,38.7347,mr
simple_shear_mooneyrivlin2_dp65,-0.008657217519624697,0.09867321374812436,81.2528,mr
simple_shear_mooneyrivlin2_dp66,-0.019964278460730057,0.1120970320821604,53.3989,mr
simple_shear_mooneyrivlin2_dp67,-0.0036384096264966055,0.48059720590876964,89.8219,mr
simple_shear_mooneyrivlin2_dp68,-0.005440298608566754,0.1648804365767194,97.149,mr
simple_shear_mooneyrivlin2_dp69,-0.00568692364454967,0.4983910874129446,70.7372,mr
simple_shear_mooneyrivlin2_dp7,-0.022303598151948965,0.35266473490278866,33.0441,mr
simple_shear_mooneyrivlin2_dp70,-0.016630095762732732,0.3193733832051567,49.451,mr
simple_shear_mooneyrivlin2_dp71,-0.0037365478467152225,0.10491066817390282,122.5,mr
simple_shear_mooneyrivlin2_dp72,-0.005209956342329189,0.2143064250391688,95.3918,mr
simple_shear_mooneyrivlin2_dp73,-0.0035498216388236263,0.15635476076960628,120.65,mr
simple_shear_mooneyrivlin2_dp74,-0.05881198821481918,0.07958238136226256,32.4744,mr
simple_shear_mooneyrivlin2_dp75,-0.01882151285176418,0.15806964019763442,53.1238,mr
simple_shear_mooneyrivlin2_dp76,-0.0034341223851701423,0.5424044150902125,86.217,mr
simple_shear_mooneyrivlin2_dp77,-0.006819191364740396,0.05239328635703843,94.6767,mr
simple_shear_mooneyrivlin2_dp78,-0.007921555910870128,0.10363494747584577,84.55,mr
simple_shear_mooneyrivlin2_dp79,-0.0052065895497174774,0.0745737018799301,106.254,mr
simple_shear_mooneyrivlin2_dp8,-0.02111024581499001,0.3365713459087136,34.4241,mr
simple_shear_mooneyrivlin2_dp80,-0.02231118152937123,0.17155173054380576,48.3466,mr
simple_shear_mooneyrivlin2_dp81,-0.012073220384939808,0.08381526870275985,69.8743,mr
simple_shear_mooneyrivlin2_dp82,-0.003572645168061298,0.2680458661297752,110.077,mr
simple_shear_mooneyrivlin2_dp83,-0.018209984712214033,0.10910987762082722,56.0816,mr
simple_shear_mooneyrivlin2_dp84,-0.004415271601155992,0.07842329186818546,115.044,mr
simple_shear_mooneyrivlin2_dp85,-0.09734145222952761,0.15408890941926445,23.9638,mr
simple_shear_mooneyrivlin2_dp86,-0.007212471533306421,0.538196841147333,60.2003,mr
simple_shear_mooneyrivlin2_dp87,-0.006347138921027141,0.08549170917617915,95.5184,mr
simple_shear_mooneyrivlin2_dp88,-0.01747387013636327,0.45976581385535814,42.477,mr
simple_shear_mooneyrivlin2_dp89,-0.004325401196154979,0.07823328580208287,116.127,mr
simple_shear_mooneyrivlin2_dp9,-0.033582076287939654,0.5246638444081317,22.7948,mr
simple_shear_mooneyrivlin2_dp90,-0.0028710015822712627,0.15011740609891144,134.672,mr
simple_shear_mooneyrivlin2_dp91,-0.003003030508040748,0.8098741912320225,58.5484,mr
simple_shear_mooneyrivlin2_dp92,-0.00594888784824166,0.1325592878129106,95.1201,mr
simple_shear_mooneyrivlin2_dp93,-0.007187127546747693,0.36065435262800305,72.2712,mr
simple_shear_mooneyrivlin2_dp94,-0.01421434766598048,0.41629692989435224,48.9986,mr
simple_shear_mooneyrivlin2_dp95,-0.003506979799593924,0.34511622447015305,104.165,mr
simple_shear_mooneyrivlin2_dp96,-0.007430340369047023,0.041207342539442325,91.4763,mr
simple_shear_mooneyrivlin2_dp97,-0.016654097235336184,0.06848281828985853,60.3291,mr
simple_shear_mooneyrivlin2_dp98,-0.002958516187922097,0.16261468086049044,131.353,mr
simple_shear_mooneyrivlin2_dp99,-0.00705148539738241,0.3362121118796894,74.4743,mr
simple_shear_ogden_dp0,-0.2131065946313775,0.0,47.6382,og
simple_shear_ogden_dp1,-0.13560598345659983,0.006432890907755951,40.265,og
simple_shear_ogden_dp10,-0.6178382619526415,0.0,188.775,og
simple_shear_ogden_dp100,-0.022504415473599156,0.0,355.639,og
simple_shear_ogden_dp101,-0.03152290896469075,0.0,185.9,og
simple_shear_ogden_dp102,-0.020653152472289032,0.0,510.928,og
simple_shear_ogden_dp103,-0.04434772346279536,0.0,118.8,og
simple_shear_ogden_dp104,-0.2158403345919989,0.0,222.098,og
simple_shear_ogden_dp105,-0.06265386123987321,0.0,355.773,og
simple_shear_ogden_dp106,-0.14080525694531773,0.0,102.74,og
simple_shear_ogden_dp107,-0.04879999870430186,0.0,543.122,og
simple_shear_ogden_dp108,-0.5723269867327221,0.0,46.3611,og
simple_shear_ogden_dp109,-0.07712927423383137,0.001250901450961139,38.7876,og
simple_shear_ogden_dp11,-0.11825201054206849,0.0,122.628,og
simple_shear_ogden_dp110,-0.03901618469132008,0.0,102.515,og
simple_shear_ogden_dp111,-0.2911865873767707,0.0,31.518,og
simple_shear_ogden_dp112,-0.062412615483922206,0.0,436.898,og
simple_shear_ogden_dp113,-0.04008540512675083,0.0,411.114,og
simple_shear_ogden_dp114,-0.19564344828238772,0.0,258.262,og
simple_shear_ogden_dp115,-0.03520811506676982,0.0,621.366,og
simple_shear_ogden_dp116,-0.01659612913760757,0.07042706319561598,70.0187,og
simple_shear_ogden_dp117,-0.02938821696868928,0.0,246.934,og
simple_shear_ogden_dp118,-0.051407379622370616,0.0,246.702,og
simple_shear_ogden_dp119,-0.09869505172280037,0.0,260.074,og
simple_shear_ogden_dp12,-0.01984538351361517,0.0,257.396,og
simple_shear_ogden_dp120,-1.0535152669073826,0.0,48.3868,og
simple_shear_ogden_dp121,-0.0899553301108247,0.0,196.071,og
simple_shear_ogden_dp122,-0.05722718297295925,0.0,178.245,og
simple_shear_ogden_dp123,-0.1309621985882508,0.0,124.254,og
simple_shear_ogden_dp124,-0.05666363389482065,0.0,128.808,og
simple_shear_ogden_dp125,-0.017270067872474985,0.003986246926219166,71.9914,og
simple_shear_ogden_dp126,-0.0380517152449656,0.0,313.899,og
simple_shear_ogden_dp127,-0.03171574361374009,0.0,93.1774,og
simple_shear_ogden_dp128,-0.09987492651602377,0.0,419.388,og
simple_shear_ogden_dp129,-0.3683618856517348,0.0,331.062,og
simple_shear_ogden_dp13,-0.04810517657771136,0.0,89.3087,og
simple_shear_ogden_dp130,-0.06811335657613182,0.0,119.712,og
simple_shear_ogden_dp131,-0.11870175109274336,0.0,594.721,og
simple_shear_ogden_dp132,-0.4493647235122771,0.0,193.188,og
simple_shear_ogden_dp133,-0.26464392856595015,0.0,111.681,og
simple_shear_ogden_dp134,-0.01505683992261294,0.0,154.604,og
simple_shear_ogden_dp135,-0.1547938278220533,0.0041210852114589944,48.8335,og
simple_shear_ogden_dp136,-1.4111960233384333,0.0,17.5827,og
simple_shear_ogden_dp137,-0.17129472671712642,0.0,334.105,og
simple_shear_ogden_dp138,-0.02346929973579904,0.0,235.418,og
simple_shear_ogden_dp139,-0.7799792891959453,0.0,389.738,og
simple_shear_ogden_dp14,-0.06105701466486035,0.0,209.721,og
simple_shear_ogden_dp140,-0.1740603106176493,0.0,134.316,og
simple_shear_ogden_dp141,-0.03185420642117362,0.0,230.635,og
simple_shear_ogden_dp142,-0.026476891709843877,0.2686455621671075,40.728,og
simple_shear_ogden_dp143,-0.04747546402641761,0.0,189.565,og
simple_shear_ogden_dp144,-1.1495498406419997,0.0,238.613,og
simple_shear_ogden_dp145,-0.07496363854451922,0.0,150.051,og
simple_shear_ogden_dp146,-0.1063339233846193,0.02924029022121961,30.7073,og
simple_shear_ogden_dp147,-0.34119845792877174,0.0,36.9234,og
simple_shear_ogden_dp148,-0.1358132458865857,0.0,184.79,og
simple_shear_ogden_dp149,-0.055286025196076165,0.0013884233620773377,53.7314,og
simple_shear_ogden_dp15,-0.10556301955038803,0.0004773603705954193,54.1455,og
simple_shear_ogden_dp150,-0.4063866101111553,0.0,321.677,og
simple_shear_ogden_dp151,-0.05663788487588443,0.0,60.6695,og
simple_shear_ogden_dp153,-0.05351227765188651,0.0,80.6509,og
simple_shear_ogden_dp154,-0.24836576462987373,0.0,55.8425,og
simple_shear_ogden_dp156,-0.04465484867236711,0.0008643244484698728,64.725,og
simple_shear_ogden_dp157,-0.6028269927844443,0.0,247.586,og
simple_shear_ogden_dp158,-0.9471386531318362,0.5623026759051761,35.7469,og
simple_shear_ogden_dp159,-0.8868598919262342,0.0,49.4708,og
simple_shear_ogden_dp16,-0.10880980011311032,0.0,60.5277,og
simple_shear_ogden_dp160,-0.04719831145523215,0.0,351.221,og
simple_shear_ogden_dp161,-0.051208601350931006,0.0,81.6178,og
simple_shear_ogden_dp162,-1.9960795525793311,0.0,67.1162,og
simple_shear_ogden_dp163,-0.03248994253259368,0.0,128.519,og
simple_shear_ogden_dp164,-0.035083386267194726,0.0,124.244,og
simple_shear_ogden_dp165,-1.2245406991403018,0.0,94.9737,og
simple_shear_ogden_dp166,-0.020445179159205327,0.0033610195596081084,78.359,og
simple_shear_ogden_dp167,-0.02733166696608253,0.0,465.694,og
simple_shear_ogden_dp168,-0.04973432413253327,0.00490155578692272,45.2021,og
simple_shear_ogden_dp169,-0.1175170614180409,0.0,63.5257,og
simple_shear_ogden_dp17,-0.023999078190451238,0.0,805.16,og
simple_shear_ogden_dp170,-1.0083209971135811,0.0,118.242,og
simple_shear_ogden_dp171,-0.0375891611169308,0.0,157.432,og
simple_shear_ogden_dp172,-0.3337125457769906,0.0,184.36,og
simple_shear_ogden_dp173,-0.03552717161960805,0.0,639.486,og
simple_shear_ogden_dp174,-0.01601082440085248,0.0,418.788,og
simple_shear_ogden_dp175,-0.07733322610265882,0.0,122.561,og
simple_shear_ogden_dp176,-0.030170084041540417,0.0,180.258,og
simple_shear_ogden_dp177,-0.17858654410574193,0.0,123.175,og
simple_shear_ogden_dp178,-0.03771428522591359,0.0,319.673,og
simple_shear_ogden_dp179,-0.0482100171059416,0.0,335.794,og
simple_shear_ogden_dp18,-0.06045217817246227,0.0,62.1463,og
simple_shear_ogden_dp180,-0.018013747272177975,0.0,113.203,og
simple_shear_ogden_dp181,-0.05805762532697061,0.0,163.83,og
simple_shear_ogden_dp182,-0.409928913800568,0.0003329502767648039,60.4026,og
simple_shear_ogden_dp183,-1.13033955728616,0.0,179.365,og
simple_shear_ogden_dp184,-0.10721370419070175,0.0,589.956,og
simple_shear_ogden_dp185,-0.08391655399140825,0.0,77.7696,og
simple_shear_ogden_dp186,-0.10047598620281097,0.0,253.869,og
simple_shear_ogden_dp188,-0.1092462959564365,0.0,208.546,og
simple_shear_ogden_dp189,-0.030278698189939245,0.0,176.043,og
simple_shear_ogden_dp19,-0.04314613263688975,0.0007213960134325841,61.91,og
simple_shear_ogden_dp190,-0.016413622667045207,0.0,692.483,og
simple_shear_ogden_dp191,-0.07315406979605393,0.0,501.592,og
simple_shear_ogden_dp193,-71.52790753425114,0.0,113.134,og
simple_shear_ogden_dp194,-0.03786977755620695,0.0,109.403,og
simple_shear_ogden_dp195,-0.04450067624654213,0.0,102.041,og
simple_shear_ogden_dp196,-0.07128752930425106,0.0,244.709,og
simple_shear_ogden_dp197,-3.6930309525029634,0.0,55.489,og
simple_shear_ogden_dp198,-0.12044014375115622,0.0,300.753,og
simple_shear_ogden_dp199,-0.13308701481275487,0.0,68.702,og
simple_shear_ogden_dp2,-1.4364567081040949,0.20463246296492185,22.9864,og
simple_shear_ogden_dp20,-0.09397068667457426,0.08737740945905707,25.5407,og
simple_shear_ogden_dp21,-0.07581404433324895,0.0022116526043022768,59.2075,og
simple_shear_ogden_dp22,-0.07705054987917402,0.0,367.129,og
simple_shear_ogden_dp23,-0.9175903668420493,0.0,75.3867,og
simple_shear_ogden_dp24,-0.21148538717599538,0.0,292.911,og
simple_shear_ogden_dp25,-34.36718438977946,0.0,22.536,og
simple_shear_ogden_dp26,-0.09510122001433685,0.0,254.508,og
simple_shear_ogden_dp27,-0.016682685557943,0.0,346.116,og
simple_shear_ogden_dp28,-0.4178404853223651,0.0,188.12,og
simple_shear_ogden_dp29,-0.03950060511871607,0.0,314.019,og
simple_shear_ogden_dp3,-0.012645521762781851,0.13898056795555958,68.0271,og
simple_shear_ogden_dp30,-0.547110948038068,0.0,37.004,og
simple_shear_ogden_dp31,-4.4208787778893575,0.0,238.042,og
simple_shear_ogden_dp32,-0.02313992396210403,0.0,76.8674,og
simple_shear_ogden_dp33,-0.041152700942070734,0.0,580.496,og
simple_shear_ogden_dp34,-0.17473091680286126,0.0,43.8786,og
simple_shear_ogden_dp35,-0.045833970523442326,0.0,127.646,og
simple_shear_ogden_dp36,-0.05732002493225682,0.0,133.697,og
simple_shear_ogden_dp37,-6.151219566928981,0.0,310.537,og
simple_shear_ogden_dp38,-0.11199123250771972,0.0,51.7578,og
simple_shear_ogden_dp39,-0.04891073767318662,0.0,102.485,og
simple_shear_ogden_dp4,-0.04134485720248652,0.0,309.276,og
simple_shear_ogden_dp40,-0.048332606622789244,0.0,140.307,og
simple_shear_ogden_dp41,-0.040011216977815824,0.0,336.018,og
simple_shear_ogden_dp43,-0.020219391594708293,0.00033641730029074365,71.7677,og
simple_shear_ogden_dp45,-0.1082634837256922,0.0,190.741,og
simple_shear_ogden_dp46,-0.13725793367332262,0.0,38.1834,og
simple_shear_ogden_dp47,-0.048466293122101906,0.0,220.88,og
simple_shear_ogden_dp48,-2.6224406832389637,0.0,43.6957,og
simple_shear_ogden_dp49,-0.6527153192673737,0.0,101.439,og
simple_shear_ogden_dp5,-17.39128593241822,0.0,35.4446,og
simple_shear_ogden_dp50,-0.02023606843635011,0.0,576.962,og
simple_shear_ogden_dp51,-0.3642477721176414,0.0,296.831,og
simple_shear_ogden_dp52,-0.06495096205999079,0.0005967998351989678,61.1027,og
simple_shear_ogden_dp53,-0.04326485148925825,0.0,502.09,og
simple_shear_ogden_dp54,-0.06517761124457619,0.0,319.389,og
simple_shear_ogden_dp55,-0.059624362023644045,0.0,65.8764,og
simple_shear_ogden_dp56,-0.027052956169859622,0.0,721.729,og
simple_shear_ogden_dp57,-1.6758844772697867,0.0,103.337,og
simple_shear_ogden_dp58,0.02130583230676325,0.8367343930488919,21.6544,og
simple_shear_ogden_dp59,-0.06111676533376018,0.0,136.719,og
simple_shear_ogden_dp6,-0.0947803285588848,0.0,384.832,og
simple_shear_ogden_dp60,-0.39009618222255166,0.0,138.17,og
simple_shear_ogden_dp61,-0.054470764370972466,0.0,283.623,og
simple_shear_ogden_dp62,-0.7235862460853764,0.100467922516011,10.9693,og
simple_shear_ogden_dp63,-0.017098252173446474,0.0,655.433,og
simple_shear_ogden_dp64,-0.0848835606496725,0.0,147.869,og
simple_shear_ogden_dp65,-0.07565053608699517,0.0,123.019,og
simple_shear_ogden_dp66,-0.021993594149131657,0.0022145179376698767,89.6432,og
simple_shear_ogden_dp67,-0.021245346829862507,0.0,746.52,og
simple_shear_ogden_dp68,-0.013618116049696186,0.1213860252837052,64.894,og
simple_shear_ogden_dp69,-0.26785901091205394,0.0,110.217,og
simple_shear_ogden_dp7,-0.12391231718218633,0.0,98.1905,og
simple_shear_ogden_dp70,-0.0260100287796493,0.0,462.316,og
simple_shear_ogden_dp71,-0.0812336189300799,0.0,401.294,og
simple_shear_ogden_dp72,-0.042613385930868206,0.0,523.703,og
simple_shear_ogden_dp73,-0.1436884263745748,0.0,91.3621,og
simple_shear_ogden_dp75,-0.04845740346208139,0.0,356.08,og
simple_shear_ogden_dp76,-0.4017950306911884,0.0,219.619,og
simple_shear_ogden_dp77,-0.019581764982000902,0.0,514.858,og
simple_shear_ogden_dp78,-0.02361928886385388,0.0,218.892,og
simple_shear_ogden_dp79,-0.3137457571384438,0.0,254.633,og
simple_shear_ogden_dp8,-0.09794137116932346,0.0,143.956,og
simple_shear_ogden_dp80,-0.15997926629107034,0.0,45.8159,og
simple_shear_ogden_dp81,-0.14590176750172054,0.0,514.244,og
simple_shear_ogden_dp82,-0.1905080333237807,0.0,41.0662,og
simple_shear_ogden_dp83,-0.18411575610384764,0.0,364.098,og
simple_shear_ogden_dp84,-0.081586098808477,0.0,357.309,og
simple_shear_ogden_dp85,-0.0773475127180494,0.0,79.5825,og
simple_shear_ogden_dp86,-0.30288524942495176,0.0,250.341,og
simple_shear_ogden_dp87,-0.1141000434924269,0.0,142.177,og
simple_shear_ogden_dp88,-0.04242896547627916,0.0,288.799,og
simple_shear_ogden_dp89,-0.013756757583016116,0.0,1126.59,og
simple_shear_ogden_dp9,-0.79284830605983,0.0,360.149,og
simple_shear_ogden_dp90,-0.027710494362185135,0.0,570.115,og
simple_shear_ogden_dp91,-0.10829461795040403,0.0,75.208,og
simple_shear_ogden_dp92,-0.022637694161537488,0.0,320.225,og
simple_shear_ogden_dp93,-0.02028420328310113,0.0,336.204,og
simple_shear_ogden_dp94,-0.3405147633534568,0.0,74.2765,og
simple_shear_ogden_dp95,-0.25207794612495293,0.0,114.484,og
simple_shear_ogden_dp96,-0.0375199032508536,0.0,147.484,og
simple_shear_ogden_dp97,-0.019603504911758593,0.0,127.078,og
simple_shear_ogden_dp98,-0.18105944598980422,0.0,318.4,og
simple_shear_ogden_dp99,-0.10204992145076361,0.0008831564436879786,55.6817,og
