sample_name,total_curvature,curvature_ratio,final_strain,final_stress,class
uniax_tension_neohookean_dp0,6.3208619288816275,0.0,2.92697,6.52608,nh
uniax_tension_neohookean_dp1,6.285417878580381,0.00013615951097125406,3.07332,6.52608,nh
uniax_tension_neohookean_dp10,5.545075822076062,0.0,4.39045,6.52608,nh
uniax_tension_neohookean_dp11,5.436415328056728,0.0,4.5368,6.52608,nh
uniax_tension_neohookean_dp12,5.329158076622105,0.0,4.68315,6.52608,nh
uniax_tension_neohookean_dp13,5.218316503969115,0.0,4.8295,6.52608,nh
uniax_tension_neohookean_dp14,5.1120846662161545,0.0,4.97584,6.52608,nh
uniax_tension_neohookean_dp15,5.0011542286303605,0.0,5.12219,6.52608,nh
uniax_tension_neohookean_dp16,4.89322459908986,0.0,5.26854,6.52608,nh
uniax_tension_neohookean_dp17,4.783709811038074,0.0,5.41489,6.52608,nh
uniax_tension_neohookean_dp18,4.6777056800468495,0.0,5.56124,6.52608,nh
uniax_tension_neohookean_dp19,4.570735323797022,0.0,5.70759,6.52608,nh
uniax_tension_neohookean_dp2,6.242229179696967,0.0,3.21966,6.52608,nh
uniax_tension_neohookean_dp20,4.469305614618644,0.0,5.85393,6.52608,nh
uniax_tension_neohookean_dp21,4.365584759146702,0.0,6.00028,6.52608,nh
uniax_tension_neohookean_dp22,4.265435420884689,0.0,6.14663,6.52608,nh
uniax_tension_neohookean_dp23,4.165533022757707,0.0,6.29298,6.52608,nh
uniax_tension_neohookean_dp24,4.069574716764877,0.0,6.43933,6.52608,nh
uniax_tension_neohookean_dp25,3.9738000043666064,0.0,6.58568,6.52608,nh
uniax_tension_neohookean_dp26,3.8833668923662854,0.0,6.73202,6.52608,nh
uniax_tension_neohookean_dp27,3.7918513204549766,0.0,6.87837,6.52608,nh
uniax_tension_neohookean_dp28,3.7041558783648174,0.0,7.02472,6.52608,nh
uniax_tension_neohookean_dp29,3.616955522970136,0.0,7.17107,6.52608,nh
uniax_tension_neohookean_dp3,6.179692993498809,0.0,3.36601,6.52608,nh
uniax_tension_neohookean_dp30,3.5335033366156963,0.0,7.31742,6.52608,nh
uniax_tension_neohookean_dp31,3.450664909225461,0.0,7.46377,6.52608,nh
uniax_tension_neohookean_dp32,3.372570734695863,0.0,7.61011,6.52608,nh
uniax_tension_neohookean_dp33,3.2939265290822712,0.0,7.75646,6.52608,nh
uniax_tension_neohookean_dp34,3.2185073434281675,0.0,7.90281,6.52608,nh
uniax_tension_neohookean_dp35,3.1440150961512705,0.0,8.04916,6.52608,nh
uniax_tension_neohookean_dp36,3.072769407983681,0.0,8.19551,6.52608,nh
uniax_tension_neohookean_dp37,3.0022583914005625,0.0,8.34186,6.52608,nh
uniax_tension_neohookean_dp38,2.935824525772725,0.0,8.4882,6.52608,nh
uniax_tension_neohookean_dp39,2.86908246946899,0.0,8.63455,6.52608,nh
uniax_tension_neohookean_dp4,6.11022696272332,0.0,3.51236,6.52608,nh
uniax_tension_neohookean_dp40,2.8052936125859493,0.0,8.7809,6.52608,nh
uniax_tension_neohookean_dp41,2.6576016589531855,0.0,9.13214,6.52608,nh
uniax_tension_neohookean_dp42,2.5010402030913856,0.0,9.53541,6.52608,nh
uniax_tension_neohookean_dp43,2.3561305208386516,0.0,9.93868,6.52608,nh
uniax_tension_neohookean_dp44,2.217960943700901,0.0006784875500010454,10.342,6.52608,nh
uniax_tension_neohookean_dp45,2.0958098569733266,0.0004903158961610936,10.7452,6.52608,nh
uniax_tension_neohookean_dp46,1.9835584004706994,0.0010116746271397702,11.1485,6.52608,nh
uniax_tension_neohookean_dp47,1.8731442416657051,0.00019345180275699494,11.5518,6.52608,nh
uniax_tension_neohookean_dp48,1.7765572572840027,0.00013963901325194397,11.955,6.52608,nh
uniax_tension_neohookean_dp49,1.6814403056816865,0.00025260216899165394,12.3583,6.52608,nh
uniax_tension_neohookean_dp5,6.028307764834964,0.0,3.65871,6.52608,nh
uniax_tension_neohookean_dp50,1.5980366082049406,0.0,12.7616,6.52608,nh
uniax_tension_neohookean_dp51,1.5194984098438138,0.0005281257058307226,13.1648,6.52608,nh
uniax_tension_neohookean_dp52,1.4427607786699257,0.0005504475853602654,13.5681,6.52608,nh
uniax_tension_neohookean_dp53,1.3758603765119812,0.0005337339764279974,13.9714,6.52608,nh
uniax_tension_neohookean_dp54,1.3090219534601406,5.38880505467051e-06,14.3747,6.52608,nh
uniax_tension_neohookean_dp55,1.2494826296017179,0.00012953155733753122,14.7779,6.52608,nh
uniax_tension_neohookean_dp56,1.1910843979290968,0.0004378156330858391,15.1812,6.52608,nh
uniax_tension_neohookean_dp57,1.139429005114489,0.0,15.5845,6.52608,nh
uniax_tension_neohookean_dp58,1.0904432763409904,0.0002961762108344659,15.9877,6.52608,nh
uniax_tension_neohookean_dp59,1.0426906000936802,0.0,16.391,6.52608,nh
uniax_tension_neohookean_dp6,5.9424042905306385,0.0,3.80506,6.52608,nh
uniax_tension_neohookean_dp60,0.9974762276705421,0.00033152376973925803,16.7943,6.52608,nh
uniax_tension_neohookean_dp61,0.9572981736450339,0.0002622573103182128,17.1976,6.52608,nh
uniax_tension_neohookean_dp62,0.9190500513066263,8.952461787840966e-07,17.6008,6.52608,nh
uniax_tension_neohookean_dp63,0.881286315574314,0.0002122557610111651,18.0041,6.52608,nh
uniax_tension_neohookean_dp64,0.8479366685529687,0.0005279070330008698,18.4074,6.52608,nh
uniax_tension_neohookean_dp65,0.8157809681583715,7.627392503989111e-05,18.8106,6.52608,nh
uniax_tension_neohookean_dp66,0.7839517151878889,0.0,19.2139,6.52608,nh
uniax_tension_neohookean_dp67,0.7538929183459084,0.00022889971097997947,19.6172,6.52608,nh
uniax_tension_neohookean_dp68,0.7269937454189801,0.0,20.0205,6.52608,nh
uniax_tension_neohookean_dp69,0.7012285384148661,0.0,20.4237,6.52608,nh
uniax_tension_neohookean_dp7,5.847231007968824,0.0,3.95141,6.52608,nh
uniax_tension_neohookean_dp70,0.6758652584063418,0.0,20.827,6.52608,nh
uniax_tension_neohookean_dp71,0.651603359350521,0.0004289088463899076,21.2303,6.52608,nh
uniax_tension_neohookean_dp72,0.6308367589393242,0.0,21.6335,6.52608,nh
uniax_tension_neohookean_dp73,0.6088833580692512,0.0,22.0368,6.52608,nh
uniax_tension_neohookean_dp74,0.5880292220858759,0.00021787079887239838,22.4401,6.52608,nh
uniax_tension_neohookean_dp75,0.5694348102926842,5.7261518510268283e-05,22.8434,6.52608,nh
uniax_tension_neohookean_dp76,0.5513525184360147,0.0,23.2466,6.52608,nh
uniax_tension_neohookean_dp77,0.533302843837152,0.0,23.6499,6.52608,nh
uniax_tension_neohookean_dp78,0.5161015853869154,0.0002192623158926214,24.0532,6.52608,nh
uniax_tension_neohookean_dp79,0.5013044457319414,4.946785564309647e-05,24.4564,6.52608,nh
uniax_tension_neohookean_dp8,5.753086281025855,0.0,4.09775,6.52608,nh
uniax_tension_neohookean_dp80,0.4855930485049369,0.0,24.8597,6.52608,nh
uniax_tension_neohookean_dp81,0.4707284021839322,0.0,25.263,6.52608,nh
uniax_tension_neohookean_dp82,0.45639732488047025,0.0004941948127294046,25.6663,6.52608,nh
uniax_tension_neohookean_dp83,0.44403230039175956,0.0,26.0695,6.52608,nh
uniax_tension_neohookean_dp84,0.4308745046654141,0.0,26.4728,6.52608,nh
uniax_tension_neohookean_dp85,0.4182840992082459,0.00024285469576932478,26.8761,6.52608,nh
uniax_tension_neohookean_dp86,0.40750760035068045,0.0,27.2793,6.52608,nh
uniax_tension_neohookean_dp87,0.3959049053971997,0.0,27.6826,6.52608,nh
uniax_tension_neohookean_dp88,0.38478392380690046,0.0,28.0859,6.52608,nh
uniax_tension_neohookean_dp89,0.37458879095536485,0.0,28.4891,6.52608,nh
uniax_tension_neohookean_dp9,5.649211062218858,0.0,4.2441,6.52608,nh
uniax_tension_neohookean_dp90,0.3648783898450734,0.0,28.8924,6.52608,nh
uniax_tension_neohookean_dp91,0.3550131645509575,0.0,29.2957,6.52608,nh
uniax_tension_neohookean_dp92,0.3456181204921143,0.0,29.699,6.52608,nh
uniax_tension_neohookean_dp93,0.3369108328913725,0.0,30.1022,6.52608,nh
uniax_tension_neohookean_dp94,0.3286017680027838,0.0,30.5055,6.52608,nh
uniax_tension_neohookean_dp95,0.32014469554189023,0.0,30.9088,6.52608,nh
uniax_tension_neohookean_dp96,0.312365419898872,0.0,31.312,6.52608,nh
uniax_tension_neohookean_dp97,0.3050014022748555,0.0,31.7153,6.52608,nh
uniax_tension_neohookean_dp98,0.29742360749165453,0.0,32.1186,6.52608,nh
uniax_tension_neohookean_dp99,0.29012166231497055,0.0,32.5219,6.52608,nh
uniax_tension_mooneyrivlin_dp0,2.250721839579292,0.00016631298529791802,13.7103,6.89744,mr
uniax_tension_mooneyrivlin_dp1,2.250721839579292,0.00016631298529791802,13.7103,6.89744,mr
uniax_tension_mooneyrivlin_dp10,4.5543477579624705,0.0,7.9825,6.84591,mr
uniax_tension_mooneyrivlin_dp11,3.6859130515300977,0.00111465860944789,10.2365,6.9704,mr
uniax_tension_mooneyrivlin_dp12,1.330385911754513,0.0026920327597500524,16.0289,6.66345,mr
uniax_tension_mooneyrivlin_dp13,1.1271203650600599,0.0002056058417969929,19.5106,6.81143,mr
uniax_tension_mooneyrivlin_dp14,3.233826929617892,0.0005949158685406432,11.3885,6.98474,mr
uniax_tension_mooneyrivlin_dp15,4.343633966953619,0.0,8.2445,6.83536,mr
uniax_tension_mooneyrivlin_dp16,4.445833015589061,0.0,8.74807,6.9536,mr
uniax_tension_mooneyrivlin_dp17,3.384710628452655,0.0,9.70865,6.79185,mr
uniax_tension_mooneyrivlin_dp18,1.453830684069505,0.0,15.962,6.72732,mr
uniax_tension_mooneyrivlin_dp19,1.4312782634258545,0.0006265778678350701,16.2943,6.74496,mr
uniax_tension_mooneyrivlin_dp2,1.2621009812147164,0.0,16.9838,6.6994,mr
uniax_tension_mooneyrivlin_dp20,3.3791954395789157,0.001420205497486959,10.5701,6.92077,mr
uniax_tension_mooneyrivlin_dp21,1.3702483594252806,0.0,17.0877,6.77644,mr
uniax_tension_mooneyrivlin_dp22,1.238611775111258,0.001395569745757471,16.936,6.68177,mr
uniax_tension_mooneyrivlin_dp23,1.5057330924184802,5.703364438475312e-05,16.2785,6.78651,mr
uniax_tension_mooneyrivlin_dp24,3.307767085518403,0.0007673708066450665,10.7259,6.91911,mr
uniax_tension_mooneyrivlin_dp25,2.2946638134527464,0.0003087969694466245,12.5169,6.77721,mr
uniax_tension_mooneyrivlin_dp26,1.6917572286340068,0.0,15.1137,6.77739,mr
uniax_tension_mooneyrivlin_dp27,1.1290573706795295,0.0,19.0116,6.77162,mr
uniax_tension_mooneyrivlin_dp28,1.5014990976632605,0.0012227217148567241,17.0471,6.85702,mr
uniax_tension_mooneyrivlin_dp29,4.424321420814552,0.0,9.27395,7.03842,mr
uniax_tension_mooneyrivlin_dp3,2.168662162609468,0.0,13.5061,6.83869,mr
uniax_tension_mooneyrivlin_dp30,1.0230693161034172,0.0,20.0013,6.76586,mr
uniax_tension_mooneyrivlin_dp31,3.9292686881571344,1.4514932445809854e-05,10.3629,7.06328,mr
uniax_tension_mooneyrivlin_dp32,1.1692155312438872,7.653421518168803e-05,17.4318,6.67479,mr
uniax_tension_mooneyrivlin_dp33,1.1957239565385187,0.00024831022890416696,16.8125,6.64412,mr
uniax_tension_mooneyrivlin_dp34,3.6869609772467054,0.0,10.4043,6.99416,mr
uniax_tension_mooneyrivlin_dp35,3.526410506429518,0.0006856535666264176,10.5484,6.96552,mr
uniax_tension_mooneyrivlin_dp36,3.3855360457226458,0.0,9.68369,6.7879,mr
uniax_tension_mooneyrivlin_dp37,1.3903434380368689,0.0,16.7817,6.7624,mr
uniax_tension_mooneyrivlin_dp38,1.3496278827072872,0.0,17.3933,6.79004,mr
uniax_tension_mooneyrivlin_dp39,1.658705163840336,0.00010019367105822699,16.2357,6.87141,mr
uniax_tension_mooneyrivlin_dp4,1.0714712318760191,0.0010359906993270846,18.2648,6.67272,mr
uniax_tension_mooneyrivlin_dp40,1.8102212071838604,1.2081055105684627e-05,15.1865,6.84789,mr
uniax_tension_mooneyrivlin_dp41,0.16596301413808145,0.0,45.5796,6.58404,mr
uniax_tension_mooneyrivlin_dp42,0.6141850939805867,0.0,26.4907,6.77316,mr
uniax_tension_mooneyrivlin_dp43,0.13437008514568122,0.00022194951538023186,58.6691,6.79067,mr
uniax_tension_mooneyrivlin_dp44,0.09404158584412409,0.0,61.0162,6.58919,mr
uniax_tension_mooneyrivlin_dp45,0.3263822503134166,0.0,32.8763,6.60882,mr
uniax_tension_mooneyrivlin_dp46,0.8205515622638834,0.0,26.1844,6.99891,mr
uniax_tension_mooneyrivlin_dp47,3.4262724857872455,0.0004079415631226382,11.5136,7.06823,mr
uniax_tension_mooneyrivlin_dp48,0.16637266519235597,0.0,52.0722,6.77329,mr
uniax_tension_mooneyrivlin_dp49,0.8049785464903072,0.0003001618120630558,27.2203,7.04503,mr
uniax_tension_mooneyrivlin_dp5,1.5060196495934655,2.6239587939579015e-05,16.4779,6.80521,mr
uniax_tension_mooneyrivlin_dp50,0.11053083638631625,0.0,55.26,6.56778,mr
uniax_tension_mooneyrivlin_dp51,0.1146636471425371,0.0,63.0766,6.77804,mr
uniax_tension_mooneyrivlin_dp52,0.4572185837266066,0.0,29.5189,6.7021,mr
uniax_tension_mooneyrivlin_dp53,0.0841146482329077,0.0,67.8167,6.65399,mr
uniax_tension_mooneyrivlin_dp54,1.9117260125367168,0.00015501639885881981,14.3729,6.81283,mr
uniax_tension_mooneyrivlin_dp55,0.10536482353290992,0.0,64.3732,6.7436,mr
uniax_tension_mooneyrivlin_dp56,0.11465349617779745,0.0,63.4265,6.78655,mr
uniax_tension_mooneyrivlin_dp57,0.22598123568082207,0.0,50.1253,6.95979,mr
uniax_tension_mooneyrivlin_dp58,0.39122060436563616,0.0,36.1741,6.89053,mr
uniax_tension_mooneyrivlin_dp59,0.1093757006444807,0.0,63.4798,6.75096,mr
uniax_tension_mooneyrivlin_dp6,1.6568821419300725,0.001162910543316281,14.9179,6.74175,mr
uniax_tension_mooneyrivlin_dp60,0.1020941250724714,0.0,64.9843,6.73329,mr
uniax_tension_mooneyrivlin_dp61,0.14125489538004243,0.0,49.6147,6.58801,mr
uniax_tension_mooneyrivlin_dp62,0.7791256232796543,0.00024050511958482903,24.4886,6.84977,mr
uniax_tension_mooneyrivlin_dp63,2.1097458467232824,0.00024577966260815596,15.0727,6.9852,mr
uniax_tension_mooneyrivlin_dp64,1.796237680536289,0.0,16.7405,6.9931,mr
uniax_tension_mooneyrivlin_dp65,0.17203745328906697,0.0,49.2489,6.71445,mr
uniax_tension_mooneyrivlin_dp66,0.40317376121612747,0.0,31.9532,6.72159,mr
uniax_tension_mooneyrivlin_dp67,0.6223160260386696,0.0,33.6656,7.15683,mr
uniax_tension_mooneyrivlin_dp68,0.16637227945557734,0.0,52.7967,6.79455,mr
uniax_tension_mooneyrivlin_dp69,1.0594527755302403,0.0,25.7523,7.1884,mr
uniax_tension_mooneyrivlin_dp7,1.230201001159088,0.0001529213867677016,18.1526,6.77617,mr
uniax_tension_mooneyrivlin_dp70,1.132120365403533,0.0,21.6731,6.98119,mr
uniax_tension_mooneyrivlin_dp71,0.08005411737317414,0.0,73.1295,6.7267,mr
uniax_tension_mooneyrivlin_dp72,0.213296600050398,0.0,48.2726,6.85279,mr
uniax_tension_mooneyrivlin_dp73,0.10635906259473478,0.0,66.0424,6.79025,mr
uniax_tension_mooneyrivlin_dp74,0.7729413088464665,0.00015090771725179548,21.5733,6.65411,mr
uniax_tension_mooneyrivlin_dp75,0.5104639876749885,0.0,29.3432,6.77906,mr
uniax_tension_mooneyrivlin_dp76,0.8268853161582015,0.0008625022882632499,30.3725,7.23081,mr
uniax_tension_mooneyrivlin_dp77,0.09865684366476515,0.0,62.7657,6.65812,mr
uniax_tension_mooneyrivlin_dp78,0.16348455368898185,0.0,50.7774,6.72086,mr
uniax_tension_mooneyrivlin_dp79,0.0915540037506793,0.0,66.746,6.692,mr
uniax_tension_mooneyrivlin_dp8,1.0946697238664063,0.0012300821396884437,19.2228,6.76418,mr
uniax_tension_mooneyrivlin_dp80,0.6486002973809903,0.00020570801365018494,26.1119,6.79586,mr
uniax_tension_mooneyrivlin_dp81,0.21056481477945205,0.0,43.7776,6.6921,mr
uniax_tension_mooneyrivlin_dp82,0.1967629829891397,0.0,52.1983,6.91174,mr
uniax_tension_mooneyrivlin_dp83,0.3602303198917115,0.0,33.7757,6.71738,mr
uniax_tension_mooneyrivlin_dp84,0.07859453209130493,0.0,72.155,6.69337,mr
uniax_tension_mooneyrivlin_dp85,1.944382864115421,5.662833246727201e-05,13.6674,6.75221,mr
uniax_tension_mooneyrivlin_dp86,1.6267803616063086,0.0,20.9275,7.24255,mr
uniax_tension_mooneyrivlin_dp87,0.11839112638112742,0.0,59.0377,6.7021,mr
uniax_tension_mooneyrivlin_dp88,2.370583008738298,0.0001414879875887861,15.7168,7.16301,mr
uniax_tension_mooneyrivlin_dp89,0.07894916727802745,0.0,72.2535,6.69861,mr
uniax_tension_mooneyrivlin_dp9,3.375093667053326,0.002945225042759526,10.5458,6.91733,mr
uniax_tension_mooneyrivlin_dp90,0.08272901535182434,0.0,74.573,6.78206,mr
uniax_tension_mooneyrivlin_dp91,1.3748677136268277,0.0,9.12188,2.26877,mr
uniax_tension_mooneyrivlin_dp92,0.15278497753735656,0.00016968268130026744,53.9565,6.76191,mr
uniax_tension_mooneyrivlin_dp93,0.6316126379430504,0.0,30.5492,7.02144,mr
uniax_tension_mooneyrivlin_dp94,1.6266966260654432,0.00010149839130174956,19.0817,7.10616,mr
uniax_tension_mooneyrivlin_dp95,0.2931690599151846,0.0002180539328358288,45.0243,7.00169,mr
uniax_tension_mooneyrivlin_dp96,0.09846857271328215,0.0,62.1752,6.64335,mr
uniax_tension_mooneyrivlin_dp97,0.2535298027203372,0.0,39.1588,6.66946,mr
uniax_tension_mooneyrivlin_dp98,0.09221620151339054,0.0,71.2987,6.79738,mr
uniax_tension_mooneyrivlin_dp99,0.5453988054154955,0.00011395189210527387,32.4011,6.99209,mr
uniax_tension_ogden_dp0,-0.22725928678464158,0.6951504811319076,38.8138,5.66681,og
uniax_tension_ogden_dp1,-0.17196293016896763,0.5463538371024097,90.4783,3.14935,og
uniax_tension_ogden_dp10,-0.3390632114957349,0.0,55.0711,1.85837,og
uniax_tension_ogden_dp100,-0.012943635906164937,0.0,324.829,2.29668,og
uniax_tension_ogden_dp101,-0.01787607253737841,0.0,154.658,2.31975,og
uniax_tension_ogden_dp102,-0.010639077654393458,0.0,638.199,2.27652,og
uniax_tension_ogden_dp103,-0.03329421822803171,0.11331099885950084,276.366,3.1763,og
uniax_tension_ogden_dp104,-0.12836411136753734,0.0,253.208,2.27864,og
uniax_tension_ogden_dp105,-0.05763627648514331,0.02161725344174883,63703.8,4.28309,og
uniax_tension_ogden_dp106,-0.10691060739747554,0.048301022937130074,87.8856,2.29304,og
uniax_tension_ogden_dp107,-0.04052340246048921,0.0,20376.2,4.32946,og
uniax_tension_ogden_dp108,-0.5021347765138393,0.29296845348520684,120.976,5.47715,og
uniax_tension_ogden_dp109,2.0020400900673367,0.0,18.3283,6.94668,og
uniax_tension_ogden_dp11,-0.07558391154223836,0.0,957.907,5.38608,og
uniax_tension_ogden_dp110,-0.012680421204059636,0.9121405651484084,54.3025,6.02275,og
uniax_tension_ogden_dp111,-0.18522391063683302,0.09826271362360058,61.72,4.25453,og
uniax_tension_ogden_dp112,-0.047443923276050556,0.0,6744.2,3.06958,og
uniax_tension_ogden_dp113,-0.026350704961916088,0.0,20272.9,5.20898,og
uniax_tension_ogden_dp114,-0.11516858687950529,0.0,17102.8,5.20125,og
uniax_tension_ogden_dp115,-0.035670882603313754,0.030428785996293898,12986.0,3.90866,og
uniax_tension_ogden_dp116,1.7597306725792956,0.019533380706611425,18.5388,7.22931,og
uniax_tension_ogden_dp117,-0.02234873845478299,0.05142848095259834,20035.1,5.18529,og
uniax_tension_ogden_dp118,-0.035244093318661934,0.0,1084.13,2.67252,og
uniax_tension_ogden_dp119,-0.0951954801989362,0.1471192112035911,806.5,5.38412,og
uniax_tension_ogden_dp12,-0.015690415278361017,0.29624892586235313,334.401,5.62028,og
uniax_tension_ogden_dp120,-0.7669703774649219,0.008403365350819786,1053.03,5.2811,og
uniax_tension_ogden_dp121,-0.046710199152594084,0.0,59.2908,1.88134,og
uniax_tension_ogden_dp122,-0.042034428768333576,0.020921138677923168,7648.29,4.7835,og
uniax_tension_ogden_dp123,-0.10924540443690284,0.3089628838348572,164.648,5.52095,og
uniax_tension_ogden_dp124,-0.04649679158823484,0.43176603459111934,139.991,5.62573,og
uniax_tension_ogden_dp125,-0.009362876765590868,0.7660471601609472,100.571,5.96401,og
uniax_tension_ogden_dp126,-0.033385647119781994,0.0459573691251598,4754.12,3.50168,og
uniax_tension_ogden_dp127,-0.02173504604681631,0.13036017134829853,209.761,3.69414,og
uniax_tension_ogden_dp128,-0.04323991660327128,0.0,119.009,1.86444,og
uniax_tension_ogden_dp129,-0.1262792306877679,0.0,19802.8,3.9078,og
uniax_tension_ogden_dp13,-0.031865420683390086,0.07711099645175955,616.575,4.48489,og
uniax_tension_ogden_dp130,-0.04236402641452354,0.0,227.319,2.73243,og
uniax_tension_ogden_dp131,-0.057682419792802066,0.0,173.798,1.85446,og
uniax_tension_ogden_dp132,-0.1684055042026216,0.0,8.81404,1.45713,og
uniax_tension_ogden_dp133,-0.16309550364168676,0.0,596.29,3.1314,og
uniax_tension_ogden_dp134,-0.011096932128955916,0.8474150474875797,89.2925,5.94179,og
uniax_tension_ogden_dp135,-0.13508748070028537,0.7346488631740263,36.856,5.87301,og
uniax_tension_ogden_dp136,-1.0278739789214644,0.1400348831084151,119.22,4.01546,og
uniax_tension_ogden_dp137,-0.08459513607031688,0.0,449.422,2.26469,og
uniax_tension_ogden_dp138,-0.026314493754680077,0.5170578554794966,249.817,5.56428,og
uniax_tension_ogden_dp139,-0.2130138235832862,0.0,8668.73,3.93644,og
uniax_tension_ogden_dp14,-0.05383324036909472,0.11154992057193919,3346.4,5.26088,og
uniax_tension_ogden_dp140,-0.08905927508534797,0.0,40.2518,1.88434,og
uniax_tension_ogden_dp141,-0.02106596164397581,0.005179817837951623,4085.49,5.29915,og
uniax_tension_ogden_dp142,1.4651330018389428,0.00022644224193568127,20.0061,7.01074,og
uniax_tension_ogden_dp143,-0.03816232183730215,0.06208389368700241,9879.0,5.20372,og
uniax_tension_ogden_dp144,-0.3882426233961816,0.0,70.7377,1.86052,og
uniax_tension_ogden_dp145,-0.06628597835931435,0.1094650660914873,439.172,2.68697,og
uniax_tension_ogden_dp146,-0.15192395878371534,0.5920778469469141,66.3972,3.57921,og
uniax_tension_ogden_dp147,-0.19134288885362571,0.0,36.5107,2.84328,og
uniax_tension_ogden_dp148,-0.0716341925090731,0.0,327.253,2.73234,og
uniax_tension_ogden_dp149,-0.06270455807334578,0.5178854622516746,267.429,5.42369,og
uniax_tension_ogden_dp15,0.1365854115306524,0.7178090827537057,25.0477,6.21267,og
uniax_tension_ogden_dp150,-0.4336385958175567,0.0,15482.3,4.73084,og
uniax_tension_ogden_dp151,-0.04445971141046293,0.36290956774803634,139.304,5.17781,og
uniax_tension_ogden_dp152,-0.922186413165387,0.0,691.793,5.43196,og
uniax_tension_ogden_dp153,-0.0451817390476669,0.8042702358256758,52.5205,5.89154,og
uniax_tension_ogden_dp154,-0.14475699705837902,0.0,79.4696,2.76882,og
uniax_tension_ogden_dp155,-1.491950135787414,0.22375937549971942,46.2243,5.63559,og
uniax_tension_ogden_dp156,0.252646336399246,0.3534554730780228,29.7392,6.52219,og
uniax_tension_ogden_dp157,-0.2998286840265236,0.0,5075.04,3.06699,og
uniax_tension_ogden_dp158,-1.303723899329714,0.4827013615628327,117.092,3.92213,og
uniax_tension_ogden_dp159,-0.5559977251618146,0.0,1244.43,4.37228,og
uniax_tension_ogden_dp16,-0.12931681241021897,0.5407407894223663,126.601,5.56796,og
uniax_tension_ogden_dp160,-0.04311423055906269,0.09938299569373012,1514.96,5.36424,og
uniax_tension_ogden_dp161,-0.031661062706152814,0.03702701932478475,124.869,3.26904,og
uniax_tension_ogden_dp162,-0.8471543235984074,0.0,19.2808,1.881,og
uniax_tension_ogden_dp163,-0.01936139803748146,0.004561365581480212,90.6904,2.34772,og
uniax_tension_ogden_dp164,-0.030109225512871027,0.232923943807409,405.71,3.13858,og
uniax_tension_ogden_dp165,-0.4073522371244163,0.0,244.855,5.55393,og
uniax_tension_ogden_dp166,0.04736345617386043,0.7164664791920047,46.4302,6.27524,og
uniax_tension_ogden_dp167,-0.015400408204760364,0.0,145.591,1.86594,og
uniax_tension_ogden_dp168,0.32548715850656107,0.13381594473980105,28.1008,6.49771,og
uniax_tension_ogden_dp169,-0.07636361899031624,0.046358461335431915,94.5745,2.75456,og
uniax_tension_ogden_dp17,-0.015188382920740717,0.0,359676.0,4.69723,og
uniax_tension_ogden_dp170,-0.513563092022592,0.0,111.874,2.27247,og
uniax_tension_ogden_dp171,-0.03218371163972048,0.33212178120180563,328.151,5.53501,og
uniax_tension_ogden_dp172,-0.3470309090810314,0.1117745995469325,664.656,5.36973,og
uniax_tension_ogden_dp173,-0.017930262389258975,0.0,1028.49,2.26034,og
uniax_tension_ogden_dp174,-0.013602591298085548,0.13802402942529782,2240.3,5.36699,og
uniax_tension_ogden_dp175,-0.055460889073442515,0.03865364052456313,1429.62,3.52679,og
uniax_tension_ogden_dp176,-0.027482675524431944,0.37566394241666945,259.163,5.63,og
uniax_tension_ogden_dp177,-0.08554712065029779,0.0,36.7966,1.89572,og
uniax_tension_ogden_dp178,-0.022743861166621897,0.0,379.521,2.27861,og
uniax_tension_ogden_dp179,-0.036887788621846274,0.0,1366.63,4.02894,og
uniax_tension_ogden_dp18,-0.05949684140982427,0.4971649634761333,145.537,5.53066,og
uniax_tension_ogden_dp180,0.06135957467921264,0.5099375044299322,52.2074,6.41914,og
uniax_tension_ogden_dp181,-0.049316546405162705,0.2838552324901915,661.359,5.29055,og
uniax_tension_ogden_dp182,-0.19237313020714325,0.0,17.7141,1.92244,og
uniax_tension_ogden_dp183,-0.44563861980215547,0.0,49.8078,1.85859,og
uniax_tension_ogden_dp184,-0.07603364827868384,0.0,6184.24,3.07923,og
uniax_tension_ogden_dp185,-0.06211462026201603,0.12264594466527802,1408.4,5.29904,og
uniax_tension_ogden_dp186,-0.09334771609030418,0.0228001790870234,1312.81,2.66292,og
uniax_tension_ogden_dp187,-8.526469552639961,0.0,3624.65,3.48479,og
uniax_tension_ogden_dp188,-0.07589683225877822,0.0,527.004,2.68879,og
uniax_tension_ogden_dp189,-0.03414984950780815,0.6043236469869303,127.219,5.73432,og
uniax_tension_ogden_dp19,0.2782532878191529,0.4408394119809732,28.2157,6.5983,og
uniax_tension_ogden_dp190,-0.009662079401111419,0.0,797.191,2.27394,og
uniax_tension_ogden_dp191,-0.05921922774049742,0.0,15761.8,5.22454,og
uniax_tension_ogden_dp192,-1.141757678758783,0.0,3.38249,1.45522,og
uniax_tension_ogden_dp193,-15.60662359387335,0.0,1315.22,3.09324,og
uniax_tension_ogden_dp194,-0.03662449492308138,0.33940173737419677,1189.41,3.95739,og
uniax_tension_ogden_dp195,-0.029084195758524826,0.0402309862423546,636.739,4.00914,og
uniax_tension_ogden_dp196,-0.04312737003864969,0.0,202.959,2.29817,og
uniax_tension_ogden_dp197,-1.2016564464292672,0.0,39.1129,2.32297,og
uniax_tension_ogden_dp198,-0.06753297055368744,0.0,259.255,2.28387,og
uniax_tension_ogden_dp199,-0.0908526949698839,0.09742123186298958,292.711,5.50735,og
uniax_tension_ogden_dp2,-2.2711905569409723,0.4675247528142184,49.3923,3.63231,og
uniax_tension_ogden_dp20,3.888849594082111,0.024540693767154086,8.84659,4.11603,og
uniax_tension_ogden_dp200,-0.23524512452819696,0.3491749100889577,92.0828,5.64288,og
uniax_tension_ogden_dp201,-0.04087219541193655,0.0,8903.73,3.0758,og
uniax_tension_ogden_dp202,-0.03892427506773858,0.49906804055260323,217.243,5.52654,og
uniax_tension_ogden_dp203,-1.2748586614864341,0.0,739.094,2.67143,og
uniax_tension_ogden_dp204,-0.03881343633342928,0.0072269895667787225,2873.12,4.38289,og
uniax_tension_ogden_dp205,-0.09580921360472498,0.5325809625814713,95.6595,5.67509,og
uniax_tension_ogden_dp206,-0.02762154485863593,0.29011252264091975,10524.8,4.74799,og
uniax_tension_ogden_dp207,-1.746191651175111,0.05050648403527338,175.572,2.66783,og
uniax_tension_ogden_dp208,-0.04065791773420009,0.0,177.482,2.2984,og
uniax_tension_ogden_dp209,-0.03443091157301484,0.41840658845588097,232.925,5.54697,og
uniax_tension_ogden_dp21,-0.07594981652083059,0.4252751243954003,112.386,2.70373,og
uniax_tension_ogden_dp210,-0.028144325457797145,0.8132597319541679,62.179,5.91589,og
uniax_tension_ogden_dp211,-0.016483199959269335,0.026106973627388494,1277.93,3.13115,og
uniax_tension_ogden_dp212,-0.00456436878304166,0.9208018459889941,72.946,6.05976,og
uniax_tension_ogden_dp213,1.2357719272147845,0.0,3.00919,1.58853,og
uniax_tension_ogden_dp214,-0.2809680388222578,0.037137841430141774,326.139,3.10062,og
uniax_tension_ogden_dp215,-0.06445500839026096,0.0,142.98,2.3049,og
uniax_tension_ogden_dp216,-0.008397238164816327,0.0,376.104,2.29319,og
uniax_tension_ogden_dp217,-0.014039638695223743,0.0,126.334,1.86557,og
uniax_tension_ogden_dp218,-0.1274403521173771,0.0,2422.7,3.08707,og
uniax_tension_ogden_dp219,-0.05689764292570154,0.30948598480268275,91.1008,5.8572,og
uniax_tension_ogden_dp22,-0.044920684098411545,0.0,1712.59,2.67309,og
uniax_tension_ogden_dp220,2.0639895097933514,0.09070407937569577,12.3601,6.78337,og
uniax_tension_ogden_dp221,-0.29426016503097535,0.34193610633991633,61.1071,5.68209,og
uniax_tension_ogden_dp222,-0.09847768517747953,0.0,7926.3,3.92742,og
uniax_tension_ogden_dp223,-0.07756553972659704,0.0,415.636,2.26844,og
uniax_tension_ogden_dp224,-0.19865738392607624,0.0,12353.9,5.1936,og
uniax_tension_ogden_dp225,-0.02648808621776892,0.0,492.906,2.27033,og
uniax_tension_ogden_dp226,-0.38279282284164007,0.0,6498.52,3.94164,og
uniax_tension_ogden_dp227,-0.03696292825144019,0.0012566332418179652,105.164,2.80409,og
uniax_tension_ogden_dp228,-0.06658877474361488,0.40237972555852297,101.489,5.7543,og
uniax_tension_ogden_dp229,-0.020740232483409705,0.19806522247842004,414.364,4.10169,og
uniax_tension_ogden_dp23,-0.6218532085006362,0.0,93.0715,2.26297,og
uniax_tension_ogden_dp230,-0.016016305224538663,0.2846475621478148,3016.92,5.26583,og
uniax_tension_ogden_dp231,-0.0801221552362198,0.6092808723702371,355.554,5.31753,og
uniax_tension_ogden_dp232,-0.0676800776362935,0.1125752932305277,60078.4,5.12623,og
uniax_tension_ogden_dp233,-0.1410757367909804,0.0,443.472,3.14619,og
uniax_tension_ogden_dp234,-1.302706763369183,0.0,40.5764,2.32481,og
uniax_tension_ogden_dp235,-0.02662267807619141,0.0,1987.51,2.67396,og
uniax_tension_ogden_dp236,-0.05217451016214844,0.02952082240897737,229.102,2.26735,og
uniax_tension_ogden_dp237,-0.03121648694371631,0.0,304.245,2.27879,og
uniax_tension_ogden_dp238,-0.6910118672381855,0.0,525.466,5.4763,og
uniax_tension_ogden_dp239,-0.030959923012707564,0.18055013718969506,136.105,3.72339,og
uniax_tension_ogden_dp24,-0.22353677617250237,0.05569857873361728,1736.99,5.30639,og
uniax_tension_ogden_dp240,-0.11968944244835582,0.0,159.982,5.67896,og
uniax_tension_ogden_dp241,-0.02207924569104273,0.10706140157749505,1032.88,5.39363,og
uniax_tension_ogden_dp242,-1.1086009682602693,0.0,1924.62,4.35741,og
uniax_tension_ogden_dp243,-0.6082020958448712,0.5707964807402379,26.2121,5.71382,og
uniax_tension_ogden_dp244,0.06073889752683314,0.6249197426836578,33.9215,6.21568,og
uniax_tension_ogden_dp245,-0.5272907780930518,0.6683168246964374,20.1753,5.95128,og
uniax_tension_ogden_dp246,-0.10461063480945115,0.30300635099647494,156.631,3.16331,og
uniax_tension_ogden_dp247,-1.180771142395063,0.0,3498.43,3.08312,og
uniax_tension_ogden_dp248,-0.3361664599813659,0.006682061792073087,112.802,2.26723,og
uniax_tension_ogden_dp249,0.10391082780207077,0.5806870661881606,35.6507,6.33602,og
uniax_tension_ogden_dp25,-12.058448127587091,0.0,216.125,5.30587,og
uniax_tension_ogden_dp250,-0.07276014881872364,0.09399984679658918,6038.45,5.20707,og
uniax_tension_ogden_dp251,-0.020702069960711385,0.0,104.058,1.87632,og
uniax_tension_ogden_dp252,-1.34938415063528,0.2185247674033788,62.7942,5.54159,og
uniax_tension_ogden_dp253,-1.9376051537474384,0.0,660.417,3.55139,og
uniax_tension_ogden_dp254,-0.03151652044523332,0.0,1489.76,2.6836,og
uniax_tension_ogden_dp255,-0.0444013642485915,0.2931442813774042,10936.1,5.16779,og
uniax_tension_ogden_dp256,-0.019499877022485936,0.0,147.953,1.86237,og
uniax_tension_ogden_dp257,-0.024404963366806497,0.0,124.46,1.86038,og
uniax_tension_ogden_dp258,-0.05630615663543553,0.030397034027989617,887.576,5.40808,og
uniax_tension_ogden_dp259,-0.051990825346943284,0.0,5856.54,3.07423,og
uniax_tension_ogden_dp26,-0.045932358261006924,0.0,208.674,2.30188,og
uniax_tension_ogden_dp260,7.353284958592235,0.0,3.33494,2.87418,og
uniax_tension_ogden_dp261,-0.04633828616357797,0.33854032660143574,151.733,5.74379,og
uniax_tension_ogden_dp262,-0.052352637242039354,0.5931970693751722,116.122,5.58499,og
uniax_tension_ogden_dp263,-0.4189557253655041,0.0,34.8272,2.32281,og
uniax_tension_ogden_dp264,-0.12947312365437627,0.0173622274101934,13034.9,5.17679,og
uniax_tension_ogden_dp265,-0.04623637838589825,0.06157676098568712,673.953,5.49659,og
uniax_tension_ogden_dp266,-0.42701730043354913,0.005668926835647003,125.22,2.71013,og
uniax_tension_ogden_dp267,-0.09094120980576859,0.006637018494108551,63.3829,2.80763,og
uniax_tension_ogden_dp268,-0.017267583243247397,0.6563167008225774,124.986,5.82193,og
uniax_tension_ogden_dp269,-0.06973735977267263,0.0,7225.43,3.0758,og
uniax_tension_ogden_dp27,-0.015962445700243594,0.32802164751196783,515.033,5.53576,og
uniax_tension_ogden_dp28,-0.35396700897349703,0.0,932.313,3.09232,og
uniax_tension_ogden_dp29,-0.023428422251011383,0.0,1265.49,2.67957,og
uniax_tension_ogden_dp3,1.6474948043860607,0.0,23.4753,7.23753,og
uniax_tension_ogden_dp30,-0.34514813979498304,0.03217255208321274,58.8177,3.22285,og
uniax_tension_ogden_dp31,-2.4307670576940112,0.0,3939.8,3.07754,og
uniax_tension_ogden_dp32,-0.02672485545506203,0.5146068993598542,343.277,5.31978,og
uniax_tension_ogden_dp33,-0.019997218491079178,0.0,705.153,2.27068,og
uniax_tension_ogden_dp34,-0.14797302023675382,0.29829716647923676,263.818,5.41357,og
uniax_tension_ogden_dp35,-0.032354786230042495,0.050382424653578645,2740.64,4.83457,og
uniax_tension_ogden_dp36,-0.03157346028549306,0.0,171.671,2.77852,og
uniax_tension_ogden_dp38,-0.10084452724346163,0.34769069284396603,93.3574,3.19131,og
uniax_tension_ogden_dp39,-0.030264378599086778,0.00684019119077184,1040.73,4.92064,og
uniax_tension_ogden_dp4,-0.023493674077705425,0.0,236.359,2.30124,og
uniax_tension_ogden_dp40,-0.029145462604949574,0.0,112.662,2.32037,og
uniax_tension_ogden_dp41,-0.022624487448033068,0.0,298.789,2.29354,og
uniax_tension_ogden_dp42,-2.8160185433635894,0.0,1115.66,5.34395,og
uniax_tension_ogden_dp43,0.026498051660906054,0.6178432500910046,63.2607,6.25894,og
uniax_tension_ogden_dp44,-0.02237185477473825,0.0,358.497,2.28158,og
uniax_tension_ogden_dp45,-0.11777124857432292,0.2364231578190037,591.786,5.38089,og
uniax_tension_ogden_dp46,-0.08241715001165381,0.551317362141388,54.1765,5.90859,og
uniax_tension_ogden_dp47,-0.04455275661824663,0.12750116942138442,18752.0,5.16638,og
uniax_tension_ogden_dp48,-1.0349139667088494,0.0,33.3125,2.33192,og
uniax_tension_ogden_dp49,-0.5346054028977537,0.028940361275529895,5506.13,5.18685,og
uniax_tension_ogden_dp5,-7.826317112744888,0.0,179.626,5.36209,og
uniax_tension_ogden_dp50,-0.011264419303366743,0.0,829.58,2.26883,og
uniax_tension_ogden_dp51,-0.13903253868203333,0.0,89.8603,1.85784,og
uniax_tension_ogden_dp52,-0.051864019852383585,0.38532329993972314,146.324,4.59809,og
uniax_tension_ogden_dp53,-0.02289023786240239,0.0,724.672,2.26686,og
uniax_tension_ogden_dp54,-0.032059632987172335,0.0,310.544,2.29107,og
uniax_tension_ogden_dp55,-0.053064662812586275,0.33738180259553685,653.77,4.88015,og
uniax_tension_ogden_dp56,-0.019955149106275966,0.0,6498.19,3.08436,og
uniax_tension_ogden_dp57,-0.9840400757947179,0.0,16770.9,5.16206,og
uniax_tension_ogden_dp58,5.928815297724994,0.0,3.53906,2.27413,og
uniax_tension_ogden_dp59,-0.07100974424707306,0.4910079541715112,158.526,5.59997,og
uniax_tension_ogden_dp6,-0.046989197261592515,0.0,117.306,1.86044,og
uniax_tension_ogden_dp60,-0.307615937485256,0.0,162.233,2.26125,og
uniax_tension_ogden_dp61,-0.04746917288227794,0.09820805977368026,896.487,5.43003,og
uniax_tension_ogden_dp62,-0.9871913667846173,0.5647028594243985,27.569,4.61254,og
uniax_tension_ogden_dp63,-0.011720465349110372,0.0,108629.0,5.15018,og
uniax_tension_ogden_dp64,-0.05360199288533417,0.0,2463.73,5.30773,og
uniax_tension_ogden_dp65,-0.05465358743803925,0.04738065533135994,1765.68,5.31135,og
uniax_tension_ogden_dp66,-0.04244982990824537,0.6836688846540938,935.485,5.21907,og
uniax_tension_ogden_dp67,-0.012553459308732619,0.0,241.021,1.85452,og
uniax_tension_ogden_dp68,0.3553032159265932,0.07030531297460761,32.85,6.75602,og
uniax_tension_ogden_dp69,-0.20753085372978164,0.11376049742622966,138.978,5.59831,og
uniax_tension_ogden_dp7,-0.14561307662514522,0.546255351617444,79.7677,5.69769,og
uniax_tension_ogden_dp70,-0.020586711094855693,0.0,36324.4,5.17887,og
uniax_tension_ogden_dp71,-0.04807912098773786,0.0,119.72,1.85544,og
uniax_tension_ogden_dp72,-0.024260700418783865,0.0,164.737,1.8556,og
uniax_tension_ogden_dp73,-0.08625622928968722,0.0,82.1757,2.30599,og
uniax_tension_ogden_dp74,-2.416347855597519,0.0,665.105,3.13229,og
uniax_tension_ogden_dp75,-0.028317998106159994,0.0,465.28,2.27125,og
uniax_tension_ogden_dp76,-0.16176042159086285,0.0,3870.09,3.51443,og
uniax_tension_ogden_dp77,-0.016726809103742198,0.06311470897577899,3080.02,4.88472,og
uniax_tension_ogden_dp78,-0.012492686079148134,0.0,66.398,1.91474,og
uniax_tension_ogden_dp79,-0.3905394621837685,0.14998427109955556,4008.41,4.32627,og
uniax_tension_ogden_dp8,-0.07937746771154036,0.07398979427705862,2256.23,5.27797,og
uniax_tension_ogden_dp80,-0.24263307452887806,0.7901516944800954,28.3461,5.78098,og
uniax_tension_ogden_dp81,-0.05188020104800498,0.0,20.2741,1.44867,og
uniax_tension_ogden_dp82,-0.1386685218041136,0.17866268001352822,77.0043,3.71659,og
uniax_tension_ogden_dp83,-0.09251452815199564,0.0,111.473,1.85227,og
uniax_tension_ogden_dp84,-0.040809518382768147,0.0,111.681,1.86173,og
uniax_tension_ogden_dp85,-0.06725367855537903,0.5934451665665381,74.5718,5.81812,og
uniax_tension_ogden_dp86,-0.2957142412946004,0.06730359529400799,3152.67,4.34978,og
uniax_tension_ogden_dp87,-0.07211011450502858,0.0,1708.27,5.33352,og
uniax_tension_ogden_dp88,-0.03259996870427289,0.010814567794768314,383.615,2.26305,og
uniax_tension_ogden_dp89,-0.010220177661201497,0.0,13562.9,3.07644,og
uniax_tension_ogden_dp9,-0.29677451127686616,0.0,18048.7,3.47561,og
uniax_tension_ogden_dp90,-0.021188341666371707,0.0,6885.62,4.82844,og
uniax_tension_ogden_dp91,-0.1146072533923904,0.6475539154805449,67.9381,5.60726,og
uniax_tension_ogden_dp92,-0.013234439888013368,0.0,12122.3,5.23243,og
uniax_tension_ogden_dp93,-0.015303964714136664,0.04701975311613469,863.54,3.12789,og
uniax_tension_ogden_dp94,-0.15577767743837403,0.0,21.8178,1.91709,og
uniax_tension_ogden_dp95,-0.26973733062799343,0.12002311720808223,117.169,2.27826,og
uniax_tension_ogden_dp96,-0.020319092772985027,0.0,104.348,2.35252,og
uniax_tension_ogden_dp97,-0.012075177743265735,0.04764900067719272,178.873,3.29058,og
uniax_tension_ogden_dp98,-0.08441335419772453,0.0,98.2274,1.85998,og
uniax_tension_ogden_dp99,-0.0638704706874624,0.07169723705366482,191.83,5.63458,og
